{"cameraMode":{"drawMode":0,"name":"Shaded","section":"Shading Mode"},"sceneLighting":false,"audioPlay":false,"sceneViewState":{"showFog":true,"showMaterialUpdate":false,"showSkybox":false,"showFlares":true,"showImageEffects":true,"showParticleSystems":true},"in2DMode":false,"pivot":{"x":0.033090680837631229,"y":-0.007818102836608887,"z":0.004364430904388428},"rotation":{"x":-0.49336519837379458,"y":0.5035995244979858,"z":-0.46105778217315676,"w":-0.5389217734336853},"size":2.1701531410217287,"orthographic":false}