{"cameraMode":{"drawMode":0,"name":"Shaded","section":"Shading Mode"},"sceneLighting":true,"audioPlay":false,"sceneViewState":{"showFog":true,"showMaterialUpdate":false,"showSkybox":true,"showFlares":true,"showImageEffects":true,"showParticleSystems":true},"in2DMode":false,"pivot":{"x":69.29649353027344,"y":-26.38593292236328,"z":65.91789245605469},"rotation":{"x":-0.49336519837379458,"y":0.5035995244979858,"z":-0.46105778217315676,"w":-0.5389217734336853},"size":13544924.0,"orthographic":false}